split,dataset,source_rows,unique_rows,within_file_duplicate_rows,cross_file_duplicate_rows_to_drop,kept_rows_if_applied,skipped_rows
test,BindingMoad,468,467,1,0,467,0
test,BindingNet-High,3729,3729,0,0,3729,0
test,BindingNet-Low,6850,6847,3,0,6847,0
test,BindingNet-Mid,3312,3312,0,0,3312,0
test,CrossDocked2020,100,100,0,0,100,0
test,DAVIS-3D,225,225,0,0,225,0
test,HiQBind,279,279,0,0,279,0
test,KIBA-3D,1468,1468,0,0,1468,0
test,Kinodata-3D,225,225,0,0,225,0
test,OMol25_bio_mols,225,225,0,0,225,0
test,OMol25_small_mols,28181,27646,535,4,27642,0
test,Plinder,950,950,0,1,949,0
test,SAIR,225,225,0,0,225,0
test,SPINDR,225,225,0,0,225,0
test,chembl3d,37065,37065,0,0,37065,0
test,geom,711546,711228,318,0,711228,0
test,pubchem3d,473752,473316,436,0,473316,0
test,zinc,375763,370075,5688,0,370075,0
val,BindingMoad,130,130,0,0,130,0
val,BindingNet-High,127,127,0,0,127,0
val,BindingNet-Low,1892,1891,1,0,1891,0
val,BindingNet-Mid,327,327,0,0,327,0
val,CrossDocked2020,268,268,0,0,268,0
val,DAVIS-3D,7,7,0,0,7,0
val,HiQBind,48,48,0,0,48,0
val,KIBA-3D,1539,1539,0,0,1539,0
val,Kinodata-3D,96,96,0,0,96,0
val,OMol25_bio_mols,36,36,0,0,36,0
val,OMol25_small_mols,21595,21130,465,4,21126,0
val,Plinder,367,367,0,0,367,0
val,SAIR,99,99,0,0,99,0
val,SPINDR,56,56,0,0,56,0
val,chembl3d,182479,182479,0,0,182479,0
val,geom,705124,704729,395,0,704729,0
val,nablaDFT,63384,63384,0,0,63384,0
val,pubchem3d,473751,473349,402,0,473349,0
val,zinc,375763,369929,5834,0,369929,0
train,BindingMoad,20813,20763,50,0,20763,0
train,BindingNet-High,211896,211479,417,0,211479,0
train,BindingNet-Low,253118,252771,347,3,252768,0
train,BindingNet-Mid,145176,144838,338,2,144836,0
train,CrossDocked2020,79082,79074,8,0,79074,0
train,DAVIS-3D,129,129,0,0,129,0
train,HiQBind,24888,24863,25,0,24863,0
train,KIBA-3D,263514,263514,0,0,263514,0
train,Kinodata-3D,62169,62027,142,0,62027,0
train,OMol25_bio_mols,1379222,1349237,29985,56,1349181,0
train,OMol25_small_mols,4241946,4186640,55306,435249,3751391,0
train,Plinder,129400,123413,5987,3,123410,0
train,SAIR,1523600,1523600,0,0,1523600,0
train,SPINDR,27266,25892,1374,0,25892,0
train,chembl3d,1442625,1442625,0,0,1442625,0
train,geom,5280755,5278580,2175,0,5278580,0
train,nablaDFT,8687616,8687616,0,0,8687616,0
train,pubchem3d,93802755,93724685,78070,0,93724685,0
train,zinc,74401036,73267070,1133966,0,73267070,0
