dataset,train,val,test
BindingMoad,20763,130,467
BindingNet-High,211479,127,3729
BindingNet-Low,252760,1891,6847
BindingNet-Mid,144831,327,3312
CrossDocked2020,79074,268,100
DAVIS-3D,129,7,225
HiQBind,24863,48,279
KIBA-3D,263514,1539,1468
Kinodata-3D,62027,96,225
OMol25_bio_mols,1348889,36,225
OMol25_small_mols,3751240,21098,27642
Plinder,123402,367,949
SAIR,1523594,99,225
SPINDR,25892,56,225
chembl3d,1442219,182421,37065
geom,5261074,702416,711228
geom_revisited,0,0,23404
nablaDFT,8687509,63333,0
pubchem3d,93723972,473209,473316
zinc,73267017,369922,370075
