split,dataset,source_rows,kept_rows,within_file_duplicate_rows_removed,cross_file_duplicate_rows_removed,skipped_rows
test,BindingMoad,468,467,1,0,0
test,BindingNet-High,3729,3729,0,0,0
test,BindingNet-Low,6850,6847,3,0,0
test,BindingNet-Mid,3312,3312,0,0,0
test,CrossDocked2020,100,100,0,0,0
test,DAVIS-3D,225,225,0,0,0
test,HiQBind,279,279,0,0,0
test,KIBA-3D,1468,1468,0,0,0
test,Kinodata-3D,225,225,0,0,0
test,OMol25_bio_mols,225,225,0,0,0
test,OMol25_small_mols,28181,27642,535,4,0
test,Plinder,950,949,0,1,0
test,SAIR,225,225,0,0,0
test,SPINDR,225,225,0,0,0
test,chembl3d,37065,37065,0,0,0
test,geom,711546,711228,318,0,0
test,pubchem3d,473752,473316,436,0,0
test,zinc,375763,370075,5688,0,0
val,BindingMoad,130,130,0,0,0
val,BindingNet-High,127,127,0,0,0
val,BindingNet-Low,1892,1891,1,0,0
val,BindingNet-Mid,327,327,0,0,0
val,CrossDocked2020,268,268,0,0,0
val,DAVIS-3D,7,7,0,0,0
val,HiQBind,48,48,0,0,0
val,KIBA-3D,1539,1539,0,0,0
val,Kinodata-3D,96,96,0,0,0
val,OMol25_bio_mols,36,36,0,0,0
val,OMol25_small_mols,21595,21126,465,4,0
val,Plinder,367,367,0,0,0
val,SAIR,99,99,0,0,0
val,SPINDR,56,56,0,0,0
val,chembl3d,182479,182479,0,0,0
val,geom,705124,704729,395,0,0
val,nablaDFT,63384,63384,0,0,0
val,pubchem3d,473751,473349,402,0,0
val,zinc,375763,369929,5834,0,0
train,BindingMoad,20813,20763,50,0,0
train,BindingNet-High,211896,211479,417,0,0
train,BindingNet-Low,253118,252768,347,3,0
train,BindingNet-Mid,145176,144836,338,2,0
train,CrossDocked2020,79082,79074,8,0,0
train,DAVIS-3D,129,129,0,0,0
train,HiQBind,24888,24863,25,0,0
train,KIBA-3D,263514,263514,0,0,0
train,Kinodata-3D,62169,62027,142,0,0
train,OMol25_bio_mols,1379222,1349181,29985,56,0
train,OMol25_small_mols,4241946,3751391,55306,435249,0
train,Plinder,129400,123410,5987,3,0
train,SAIR,1523600,1523600,0,0,0
train,SPINDR,27266,25892,1374,0,0
train,chembl3d,1442625,1442625,0,0,0
train,geom,5280755,5278580,2175,0,0
train,nablaDFT,8687616,8687616,0,0,0
train,pubchem3d,93802755,93724685,78070,0,0
train,zinc,74401036,73267070,1133966,0,0
